INSERT INTO baseinfodb3.usuarios( dni, nombre, direccion, codigo_postal, municipio, provincia, rol, correo, contrasinal, forma_pago, cuenta_bancaria, apellidos, telefono, foto ) VALUES ( '46001270M', 'Arancha', 'Paseo Mayor, 18', '27742', 'Trabada', 'Lugo', 'usuario', 'arancha@pruebas.com', '$2y$10$uiXirMCThJeU7adnvWJqDeERrxjdErzSKa8GTNNf00oag8nDRw8vW', 'cheque', null, 'Cores Lopez', '123456789', '46001270M.png');
INSERT INTO baseinfodb3.usuarios( dni, nombre, direccion, codigo_postal, municipio, provincia, rol, correo, contrasinal, forma_pago, cuenta_bancaria, apellidos, telefono, foto ) VALUES ( '73918246H', 'Prueba', 'Probando....', '31195', 'Orbaizeta', 'Navarra', 'usuario', 'prueba@probando.com', '$2y$10$VK/HkITXTMSe348PXc6wleKhPTbnEzlP07LNos9q.AlhqwfpnpRz6', 'contado', null, 'Probando', '123456789', null);
INSERT INTO baseinfodb3.usuarios( dni, nombre, direccion, codigo_postal, municipio, provincia, rol, correo, contrasinal, forma_pago, cuenta_bancaria, apellidos, telefono, foto ) VALUES ( '73935068G', 'Agueda', 'Polígono Pedralbes, 72', '28002', 'Arganda Del Rey', 'Madrid', 'administrador', 'administrador@baseinfodb3.com', '$2y$10$HgxasEtqbT1RSz2FbKvuLuaheSlbFZ9vx1lDp16rTLlFCUpOeHO5C', '', null, 'Guillen Madrid', '763950314', null);
INSERT INTO baseinfodb3.usuarios( dni, nombre, direccion, codigo_postal, municipio, provincia, rol, correo, contrasinal, forma_pago, cuenta_bancaria, apellidos, telefono, foto ) VALUES ( '78451298T', 'Prueba', 'Probando....', '31195', 'Orbaizeta', 'Navarra', 'usuario', 'prueba@probando.com', '$2y$10$HAoSFcEeKeDGT16CtVMvneI5LJDn5WLTlvmLtP1Q0TDPivC5ktrPG', 'contado', null, 'Probando', '123456789', null);
INSERT INTO baseinfodb3.usuarios( dni, nombre, direccion, codigo_postal, municipio, provincia, rol, correo, contrasinal, forma_pago, cuenta_bancaria, apellidos, telefono, foto ) VALUES ( '90718453J', 'Prueba', 'Probando....', '31195', 'Orbaizeta', 'Navarra', 'usuario', 'prueba@probando.com', '$2y$10$QJMB/6cOHfw2VQdBffWyuuIXp7Ylt9tNFzSn6Z5rOgjGeheRPVTz2', 'domiciliado', 'ES6112343456420456323532', 'Probando', '123456789', null);
INSERT INTO baseinfodb3.usuarios( dni, nombre, direccion, codigo_postal, municipio, provincia, rol, correo, contrasinal, forma_pago, cuenta_bancaria, apellidos, telefono, foto ) VALUES ( '91742808V', 'Arturo', 'Parque Horno, 32', '33576', 'Nava', 'Asturias', 'usuario', 'arturo@probando.com', '', 'cheque', null, 'Valenzuela Gutierrez', '740204756', null);
INSERT INTO baseinfodb3.usuarios( dni, nombre, direccion, codigo_postal, municipio, provincia, rol, correo, contrasinal, forma_pago, cuenta_bancaria, apellidos, telefono, foto ) VALUES ( '96387454C', 'Prueba', 'Probando....', '31195', 'Orbaizeta', 'Navarra', 'usuario', 'prueba@probando.com', '$2y$10$m4uczrzX/egkP1Lf3RuGBu8PUpj3hzYnZeJ.cKn7XXkCetJD5luOK', 'cheque', null, 'Probando', '123456789', null);
INSERT INTO baseinfodb3.usuarios( dni, nombre, direccion, codigo_postal, municipio, provincia, rol, correo, contrasinal, forma_pago, cuenta_bancaria, apellidos, telefono, foto ) VALUES ( '96853207T', 'Prueba', 'Probando....', '31195', 'Orbaizeta', 'Navarra', 'usuario', 'prueba@probando.com', '$2y$10$mViId3KXRt0.L02yV58/k.YjwYdF7C8ANV.2csmQeAJjlCQR8b4MK', 'contado', null, 'Probando', '123456789', null);
INSERT INTO baseinfodb3.dias_vendimia( id, fecha, usuario, cajas ) VALUES ( 1, '2024-09-01', '46001270M', 300);
INSERT INTO baseinfodb3.dias_vendimia( id, fecha, usuario, cajas ) VALUES ( 2, '2024-09-03', '46001270M', 180);
INSERT INTO baseinfodb3.dias_vendimia( id, fecha, usuario, cajas ) VALUES ( 3, '2024-09-04', '46001270M', 50);
INSERT INTO baseinfodb3.dias_vendimia( id, fecha, usuario, cajas ) VALUES ( 4, '2024-09-04', '91742808V', 80);
INSERT INTO baseinfodb3.dias_vendimia( id, fecha, usuario, cajas ) VALUES ( 5, '2024-09-09', '91742808V', 80);
INSERT INTO baseinfodb3.dias_vendimia( id, fecha, usuario, cajas ) VALUES ( 6, '2024-09-11', '91742808V', 80);
INSERT INTO baseinfodb3.facturas( numero_factura, usuario, concepto, fecha, base_imponible, iva, total, pagada, archivo ) VALUES ( 'F2022/01', '46001270M', 'Compra macarron', '2022-01-03', 10, 21, 12, 0, 'F2024_01.pdf');
INSERT INTO baseinfodb3.facturas( numero_factura, usuario, concepto, fecha, base_imponible, iva, total, pagada, archivo ) VALUES ( 'F2023/01', '46001270M', 'Compra tijeras poda', '2023-01-01', 100, 21, 121, 1, 'F2024_01.pdf');
INSERT INTO baseinfodb3.facturas( numero_factura, usuario, concepto, fecha, base_imponible, iva, total, pagada, archivo ) VALUES ( 'F2023/02', '46001270M', 'Compra macarron', '2023-01-10', 10, 21, 12, 0, 'F2024_01.pdf');
INSERT INTO baseinfodb3.facturas( numero_factura, usuario, concepto, fecha, base_imponible, iva, total, pagada, archivo ) VALUES ( 'F2024/01', '46001270M', 'Compra fitosanitarios', '2023-06-06', 34.36, 8, 52.02, 1, 'F2024_01.pdf');
INSERT INTO baseinfodb3.facturas( numero_factura, usuario, concepto, fecha, base_imponible, iva, total, pagada, archivo ) VALUES ( 'F2024/02', '46001270M', 'Compra cordel', '2023-05-13', 33.59, 2, 40.29, 1, 'F2024_01.pdf');
INSERT INTO baseinfodb3.facturas( numero_factura, usuario, concepto, fecha, base_imponible, iva, total, pagada, archivo ) VALUES ( 'F2024/03', '46001270M', 'Análisis suelo', '2024-07-16', 69.52, 7, 72.34, 0, 'F2024_01.pdf');
INSERT INTO baseinfodb3.facturas( numero_factura, usuario, concepto, fecha, base_imponible, iva, total, pagada, archivo ) VALUES ( 'F2024/04', '91742808V', 'Compra fitosanitarios', '2023-03-04', 66.55, 6, 67.06, 0, 'F2024_01.pdf');
INSERT INTO baseinfodb3.facturas( numero_factura, usuario, concepto, fecha, base_imponible, iva, total, pagada, archivo ) VALUES ( 'F2024/05', '91742808V', 'Análisis suelo', '2022-08-08', 78.44, 4, 80, 1, 'F2024_01.pdf');
INSERT INTO baseinfodb3.facturas( numero_factura, usuario, concepto, fecha, base_imponible, iva, total, pagada, archivo ) VALUES ( 'F2024/06', '46001270M', 'Compra fitosanitarios', '2024-10-20', 1000, 10, 1100, 1, 'F2024_01.pdf');
INSERT INTO baseinfodb3.facturas( numero_factura, usuario, concepto, fecha, base_imponible, iva, total, pagada, archivo ) VALUES ( 'F2024/07', '10784530Z', 'adfadfa', '2024-11-23', 123, 21, 123, 0, 'F2024_07.pdf');
INSERT INTO baseinfodb3.facturas( numero_factura, usuario, concepto, fecha, base_imponible, iva, total, pagada, archivo ) VALUES ( 'F2024/08', '46001270M', 'Prueba factura', '2024-11-23', 1223, 21, 12312, 1, 'F2024_08.pdf');
INSERT INTO baseinfodb3.facturas( numero_factura, usuario, concepto, fecha, base_imponible, iva, total, pagada, archivo ) VALUES ( 'F2024/09', '46001270M', 'sdjs', '2024-11-23', 123, 10, 123, 0, 'F2024_09.pdf');
INSERT INTO baseinfodb3.facturas( numero_factura, usuario, concepto, fecha, base_imponible, iva, total, pagada, archivo ) VALUES ( 'F2024/10', '46001270M', 'fdasdfasdf', '2024-11-23', 123, 21, 1231, 1, 'F2024_10.pdf');
INSERT INTO baseinfodb3.facturas( numero_factura, usuario, concepto, fecha, base_imponible, iva, total, pagada, archivo ) VALUES ( 'F2024/11', '46001270M', 'kjhkihi', '2024-11-23', 34243243, 10, 432432, 1, 'F2024_11.pdf');
INSERT INTO baseinfodb3.facturas( numero_factura, usuario, concepto, fecha, base_imponible, iva, total, pagada, archivo ) VALUES ( 'F2024/12', '46001270M', 'lijli', '2024-11-23', 123, 10, 122, 1, 'F2024_12.pdf');
INSERT INTO baseinfodb3.facturas( numero_factura, usuario, concepto, fecha, base_imponible, iva, total, pagada, archivo ) VALUES ( 'F2024/13', '46001270M', 'lkjoiuuo', '2024-11-23', 123, 21, 123, 1, 'F2024_13.pdf');
INSERT INTO baseinfodb3.facturas( numero_factura, usuario, concepto, fecha, base_imponible, iva, total, pagada, archivo ) VALUES ( 'F2024/14', '46001270M', 'weaer', '2024-11-23', 12314, 10, 231231, 0, 'F2024_14.pdf');
INSERT INTO baseinfodb3.facturas( numero_factura, usuario, concepto, fecha, base_imponible, iva, total, pagada, archivo ) VALUES ( 'F2024/15', '35600786Y', '12123', '2024-11-23', 123123, 21, 123, 1, 'F2024_15.pdf');
INSERT INTO baseinfodb3.facturas( numero_factura, usuario, concepto, fecha, base_imponible, iva, total, pagada, archivo ) VALUES ( 'F2024/16', '46001270M', 'Prueba Borrar', '2024-11-24', 123, 21, 123, 1, 'F2024_16.pdf');
INSERT INTO baseinfodb3.facturas( numero_factura, usuario, concepto, fecha, base_imponible, iva, total, pagada, archivo ) VALUES ( 'F2024/17', '46001270M', 'Prueba Borrar', '2024-11-24', 123, 21, 123, 1, 'F2024_17.pdf');
INSERT INTO baseinfodb3.facturas( numero_factura, usuario, concepto, fecha, base_imponible, iva, total, pagada, archivo ) VALUES ( 'F2024/18', '46001270M', '123', '2024-11-24', 12, 21, 123, 1, 'F2024_18.pdf');
INSERT INTO baseinfodb3.ingresos( numero_ingreso, fecha, concepto, ingreso_bruto, retencion, porcentaje_retencion, total, estado, usuario, archivo ) VALUES ( 'I2022/01', '2022-01-25', 'Pago año 2022', 56.94, 10, 5, 40.50, 'cobrado', '46001270M', 'I2024_01.pdf');
INSERT INTO baseinfodb3.ingresos( numero_ingreso, fecha, concepto, ingreso_bruto, retencion, porcentaje_retencion, total, estado, usuario, archivo ) VALUES ( 'I2023/01', '2023-06-17', 'Pago 50% 2023', 11.95, 3, 5, 10.50, 'cobrado', '46001270M', 'I2024_01.pdf');
INSERT INTO baseinfodb3.ingresos( numero_ingreso, fecha, concepto, ingreso_bruto, retencion, porcentaje_retencion, total, estado, usuario, archivo ) VALUES ( 'I2023/02', '2023-08-18', 'Pago 50% 2023', 33.09, 6, 5, 30, 'cobrado', '91742808V', 'I2024_01.pdf');
INSERT INTO baseinfodb3.ingresos( numero_ingreso, fecha, concepto, ingreso_bruto, retencion, porcentaje_retencion, total, estado, usuario, archivo ) VALUES ( 'I2024/01', '2024-08-12', 'Pago 50% 2024', 22.74, 2, 5, 18.75, 'cobrado', '91742808V', 'I2024_01.pdf');
INSERT INTO baseinfodb3.ingresos( numero_ingreso, fecha, concepto, ingreso_bruto, retencion, porcentaje_retencion, total, estado, usuario, archivo ) VALUES ( 'I2024/02', '2024-10-24', 'Pago 2024', 3000, 100, 3, 2900, 'pendiente de cobro', '46001270M', 'I2024_01.pdf');
INSERT INTO baseinfodb3.ingresos( numero_ingreso, fecha, concepto, ingreso_bruto, retencion, porcentaje_retencion, total, estado, usuario, archivo ) VALUES ( 'I2024/03', '2024-11-23', 'lalkjdfaljd', 122, 1213, 12, 123, 'pendiente de cobro', '12345678Z', 'I2024_03.pdf');
INSERT INTO baseinfodb3.ingresos( numero_ingreso, fecha, concepto, ingreso_bruto, retencion, porcentaje_retencion, total, estado, usuario, archivo ) VALUES ( 'I2024/05', '2024-11-23', 'sdf', 1213, 123, 12, 13, 'pendiente de cobro', '49371284J', 'I2024_05.pdf');
INSERT INTO baseinfodb3.ingresos( numero_ingreso, fecha, concepto, ingreso_bruto, retencion, porcentaje_retencion, total, estado, usuario, archivo ) VALUES ( 'I2024/06', '2024-11-24', 'Prueba borrar', 123, 123, 12, 1213, 'pendiente de cobro', '46001270M', 'I2024_06.pdf');
INSERT INTO baseinfodb3.ingresos( numero_ingreso, fecha, concepto, ingreso_bruto, retencion, porcentaje_retencion, total, estado, usuario, archivo ) VALUES ( 'I2024/07', '2024-11-24', 'Prueba borrar', 123, 1213, 12, 12, 'cobrado', '46001270M', 'I2024_07.pdf');
INSERT INTO baseinfodb3.parcelas( id, usuario, nombre, direccion, municipio, m2, cupo, codigo_postal, provincia, variedad_uva ) VALUES ( 1, '46001270M', 'Prueba', 'Avenida Cambados, 16', 'Vilagarcia de Arousa', 1000, 3000, '25266', 'Pontevedra', null);
INSERT INTO baseinfodb3.parcelas( id, usuario, nombre, direccion, municipio, m2, cupo, codigo_postal, provincia, variedad_uva ) VALUES ( 2, '91742808V', 'Probando', 'Vicente Flórez 27', 'Campiña de Jerez', 5000, 10000, '33484', 'Andalucia', null);
INSERT INTO baseinfodb3.parcelas( id, usuario, nombre, direccion, municipio, m2, cupo, codigo_postal, provincia, variedad_uva ) VALUES ( 3, '46001270M', 'Prueba', 'Praza do Concello 1', 'Cambados', 1000, 1000, '36006', 'Pontevedra', 'Probando');
INSERT INTO baseinfodb3.parcelas( id, usuario, nombre, direccion, municipio, m2, cupo, codigo_postal, provincia, variedad_uva ) VALUES ( 4, '46001270M', 'Nombre parcela', 'Prueba de dirección', 'Orbaizeta', 10, 50, '31195', 'Navarra', 'Uvas');
INSERT INTO baseinfodb3.parcelas( id, usuario, nombre, direccion, municipio, m2, cupo, codigo_postal, provincia, variedad_uva ) VALUES ( 5, '10784530Z', 'Prueba', 'Praza do Concello 1', 'Cambados', 1000, 1000, '36006', 'Pontevedra', 'Probando');
INSERT INTO baseinfodb3.parcelas( id, usuario, nombre, direccion, municipio, m2, cupo, codigo_postal, provincia, variedad_uva ) VALUES ( 6, '10784530Z', 'Prueba2', 'Praza do Concello 2', 'Cambados', 1000, 1000, '36006', 'Pontevedra', 'Probando');
INSERT INTO baseinfodb3.parcelas( id, usuario, nombre, direccion, municipio, m2, cupo, codigo_postal, provincia, variedad_uva ) VALUES ( 7, '78451298T', 'Prueba', 'Praza do Concello 5', 'Cambados', 1000, 3000, '36006', 'Pontevedra', 'Probando');
INSERT INTO baseinfodb3.parcelas( id, usuario, nombre, direccion, municipio, m2, cupo, codigo_postal, provincia, variedad_uva ) VALUES ( 8, '78451298T', 'Prueba', 'Praza do Concello 3', 'Cambados', 1000, 100, '36006', 'Pontevedra', 'Probando');
INSERT INTO baseinfodb3.parcelas( id, usuario, nombre, direccion, municipio, m2, cupo, codigo_postal, provincia, variedad_uva ) VALUES ( 9, '90583471H', 'Prueba', 'Praza do Concello 7', 'Cambados', 1000, 1000, '36006', 'Pontevedra', 'Uvas');
INSERT INTO baseinfodb3.parcelas( id, usuario, nombre, direccion, municipio, m2, cupo, codigo_postal, provincia, variedad_uva ) VALUES ( 10, '90583471H', 'Prueba', 'Praza do Concello 8', 'Cambados', 1000, 1000, '36006', 'Pontevedra', 'Probando');
INSERT INTO baseinfodb3.parcelas( id, usuario, nombre, direccion, municipio, m2, cupo, codigo_postal, provincia, variedad_uva ) VALUES ( 11, '12496307Q', 'Prueba', 'Praza do Concello 9', 'Cambados', 1000, 3000, '36006', 'Pontevedra', 'Probando');
INSERT INTO baseinfodb3.parcelas( id, usuario, nombre, direccion, municipio, m2, cupo, codigo_postal, provincia, variedad_uva ) VALUES ( 12, '71829304M', 'Prueba', 'Praza do Concello 11', 'Cambados', 1000, 4000, '36006', 'Pontevedra', 'Uvas');
INSERT INTO baseinfodb3.parcelas( id, usuario, nombre, direccion, municipio, m2, cupo, codigo_postal, provincia, variedad_uva ) VALUES ( 13, '78925410J', 'Prueba', 'Praza do Concello 12', 'Cambados', 1000, 3000, '36006', 'Pontevedra', 'Probando');
INSERT INTO baseinfodb3.parcelas( id, usuario, nombre, direccion, municipio, m2, cupo, codigo_postal, provincia, variedad_uva ) VALUES ( 14, '49371284J', 'Prueba', 'Praza do Concello 13', 'Cambados', 10, 100, '36006', 'Pontevedra', 'Probando');
INSERT INTO baseinfodb3.parcelas( id, usuario, nombre, direccion, municipio, m2, cupo, codigo_postal, provincia, variedad_uva ) VALUES ( 15, '14785236P', 'Prueba', 'Praza do Concello 15', 'Cambados', 1000, 0.53, '36006', 'Pontevedra', 'Probando');
INSERT INTO baseinfodb3.parcelas( id, usuario, nombre, direccion, municipio, m2, cupo, codigo_postal, provincia, variedad_uva ) VALUES ( 16, '86738140B', 'Prueba', 'Praza do Concello 19', 'Cambados', 1000, 100, '36006', 'Pontevedra', 'Probando');
INSERT INTO baseinfodb3.parcelas( id, usuario, nombre, direccion, municipio, m2, cupo, codigo_postal, provincia, variedad_uva ) VALUES ( 17, '19283746V', 'Prueba', 'Praza do Concello 20', 'Cambados', 1000, 300, '36006', 'Pontevedra', 'Probando');
INSERT INTO baseinfodb3.parcelas( id, usuario, nombre, direccion, municipio, m2, cupo, codigo_postal, provincia, variedad_uva ) VALUES ( 21, '70843265E', 'Prueba', 'Praza do Concello 24', 'Cambados', 1000, 100, '36006', 'Pontevedra', 'Probando');
INSERT INTO baseinfodb3.parcelas( id, usuario, nombre, direccion, municipio, m2, cupo, codigo_postal, provincia, variedad_uva ) VALUES ( 24, '90718453J', 'Prueba', 'Praza do Concello 27', 'Cambados', 1000, 100, '36006', 'Pontevedra', 'Probando');
INSERT INTO baseinfodb3.recolecta( id, usuario, ano, precio, kg, base_imponible, retencion, total, graduacion, porcentaje, cobrado ) VALUES ( 1, '46001270M', '2024', 4, 1000, 4000, 160, 3840, 11.79, 4, 0);
INSERT INTO baseinfodb3.recolecta( id, usuario, ano, precio, kg, base_imponible, retencion, total, graduacion, porcentaje, cobrado ) VALUES ( 2, '91742808V', '2024', 4, 2555.70, 10222.80, 408.91, 9813.89, 11.94, 4, 0);
INSERT INTO baseinfodb3.recolecta( id, usuario, ano, precio, kg, base_imponible, retencion, total, graduacion, porcentaje, cobrado ) VALUES ( 4, '46001270M', '2023', 1.70, 2000, 3400, 68, 3332, 13.20, 2, 1);
INSERT INTO baseinfodb3.recolecta( id, usuario, ano, precio, kg, base_imponible, retencion, total, graduacion, porcentaje, cobrado ) VALUES ( 5, '91742808V', '2023', 1.70, 3000, 5000, 200, 4800, 13.50, 2, 0);
INSERT INTO baseinfodb3.albaranes( numero_albaran, usuario, parcela, fecha_hora, grado, peso_bruto, tara, peso_neto, cajas, archivo ) VALUES ( 'A2023/01', '46001270M', 1, '2023-09-10 03.20.00 p. m.', 12, 1500, 50, 1450, 100, null);
INSERT INTO baseinfodb3.albaranes( numero_albaran, usuario, parcela, fecha_hora, grado, peso_bruto, tara, peso_neto, cajas, archivo ) VALUES ( 'A2024/01', '46001270M', 1, '2024-09-01 03.14.54 p. m.', 11.15, 1359.24, 50, 1309.24, 150, null);
INSERT INTO baseinfodb3.albaranes( numero_albaran, usuario, parcela, fecha_hora, grado, peso_bruto, tara, peso_neto, cajas, archivo ) VALUES ( 'A2024/010', '46001270M', 1, '2024-11-24 08.53.10 p. m.', 12, 123, 50, 73, 12, 'A2024_010.pdf');
INSERT INTO baseinfodb3.albaranes( numero_albaran, usuario, parcela, fecha_hora, grado, peso_bruto, tara, peso_neto, cajas, archivo ) VALUES ( 'A2024/02', '46001270M', 1, '2024-09-01 10.44.12 p. m.', 12.45, 1643.75, 50, 1593.75, 150, null);
INSERT INTO baseinfodb3.albaranes( numero_albaran, usuario, parcela, fecha_hora, grado, peso_bruto, tara, peso_neto, cajas, archivo ) VALUES ( 'A2024/03', '46001270M', 1, '2024-09-03 11.29.13 p. m.', 11.76, 1025.44, 50, 975.44, 180, null);
INSERT INTO baseinfodb3.albaranes( numero_albaran, usuario, parcela, fecha_hora, grado, peso_bruto, tara, peso_neto, cajas, archivo ) VALUES ( 'A2024/04', '91742808V', 2, '2024-09-09 08.26.10 p. m.', 11.62, 881.30, 50, 831.30, 80, null);
INSERT INTO baseinfodb3.albaranes( numero_albaran, usuario, parcela, fecha_hora, grado, peso_bruto, tara, peso_neto, cajas, archivo ) VALUES ( 'A2024/05', '91742808V', 2, '2024-09-11 12.57.10 p. m.', 12.49, 1209.33, 50, 1159.33, 40, null);
INSERT INTO baseinfodb3.albaranes( numero_albaran, usuario, parcela, fecha_hora, grado, peso_bruto, tara, peso_neto, cajas, archivo ) VALUES ( 'A2024/06', '91742808V', 2, '2024-09-11 04.17.48 p. m.', 11.71, 615.07, 50, 565.07, 40, null);
INSERT INTO baseinfodb3.albaranes( numero_albaran, usuario, parcela, fecha_hora, grado, peso_bruto, tara, peso_neto, cajas, archivo ) VALUES ( 'A2024/07', '46001270M', 1, '2024-09-04 02.00.00 p. m.', 12, 500, 50, 450, 50, 'A2024_03.pdf');
INSERT INTO baseinfodb3.albaranes( numero_albaran, usuario, parcela, fecha_hora, grado, peso_bruto, tara, peso_neto, cajas, archivo ) VALUES ( 'A2024/08', '46001270M', 1, '2024-11-24 08.50.19 p. m.', 12, 123, 50, 73, 12, 'A2024_08.pdf');
INSERT INTO baseinfodb3.albaranes( numero_albaran, usuario, parcela, fecha_hora, grado, peso_bruto, tara, peso_neto, cajas, archivo ) VALUES ( 'A2024/09', '46001270M', 1, '2024-11-24 08.52.33 p. m.', 12, 123, 50, 73, 12, 'A2024_09.pdf');
INSERT INTO baseinfodb3.albaranes( numero_albaran, usuario, parcela, fecha_hora, grado, peso_bruto, tara, peso_neto, cajas, archivo ) VALUES ( 'A2024/10', '46001270M', 4, '2024-11-24 08.54.33 p. m.', 12, 123, 50, 73, 2, 'A2024_10.pdf');
INSERT INTO baseinfodb3.albaranes( numero_albaran, usuario, parcela, fecha_hora, grado, peso_bruto, tara, peso_neto, cajas, archivo ) VALUES ( 'A2024/11', '46001270M', 4, '2024-11-24 08.56.39 p. m.', 12, 123, 50, 73, 12, 'A2024_11.pdf');
INSERT INTO baseinfodb3.albaranes( numero_albaran, usuario, parcela, fecha_hora, grado, peso_bruto, tara, peso_neto, cajas, archivo ) VALUES ( 'A2024/12', '46001270M', 3, '2024-11-24 08.57.15 p. m.', 12, 12, 50, -38, 12, 'A2024_12.pdf');
INSERT INTO baseinfodb3.albaranes( numero_albaran, usuario, parcela, fecha_hora, grado, peso_bruto, tara, peso_neto, cajas, archivo ) VALUES ( 'A2024/13', '46001270M', 4, '2024-11-24 09.07.56 p. m.', 12, 123, 50, 73, 12, 'A2024_13.pdf');
